{
  "config": {
    "window_size": 128,
    "step_size": 64,
    "sample_rate": 50,
    "n_features": 128,
    "random_seed": 42,
    "label_source": "CSV label column (per-row, segment-aware windowing)",
    "train_subjects": [
      1,
      3,
      4,
      5,
      7,
      9,
      10,
      11,
      12,
      13,
      14,
      15,
      16,
      17,
      20,
      21,
      23,
      24,
      26,
      31,
      32,
      35,
      36,
      37,
      38,
      39,
      40,
      42,
      44,
      46,
      47,
      48,
      49,
      50,
      53,
      54,
      55,
      56,
      57,
      60,
      61,
      62,
      63,
      64,
      66
    ],
    "test_subjects": [
      2,
      6,
      8,
      18,
      19,
      22,
      25,
      27,
      28,
      29,
      30,
      33,
      34,
      41,
      43,
      45,
      51,
      52,
      58,
      59,
      65,
      67
    ]
  },
  "adl_results": {
    "XGBoost": {
      "accuracy": 0.9062997230243385,
      "precision": 0.9099126377895268,
      "recall": 0.9062997230243385,
      "f1_weighted": 0.9061511252711932,
      "f1_macro": 0.7916966060096566,
      "roc_auc": null,
      "cv_mean": 0.970184380232275,
      "cv_std": 0.0007508393377902271,
      "cv_scores": [
        0.9703092762506823,
        0.969354209588567,
        0.9693398797275392,
        0.9712754431153041,
        0.9706430924792828
      ]
    }
  },
  "fall_results": {
    "XGBoost": {
      "accuracy": 0.9896940642441928,
      "precision": 0.9901545876595649,
      "recall": 0.9896940642441928,
      "f1_weighted": 0.9899023713796186,
      "f1_macro": 0.8563742928465266,
      "roc_auc": 0.9920516542412378,
      "cv_mean": 0.9948764264928892,
      "cv_std": 0.00026561455229042987,
      "cv_scores": [
        0.9951011290318946,
        0.9948715399800064,
        0.9943872997346834,
        0.9948954721229688,
        0.9951266915948922
      ]
    }
  }
}