{
  "config": {
    "window_size": 128,
    "step_size": 64,
    "sample_rate": 50,
    "n_features": 144,
    "adl_classes": [
      "JOG",
      "LYI",
      "SIT",
      "STD",
      "WAL"
    ],
    "fall_classes": [
      "BSC",
      "FKL",
      "FOL",
      "SDL"
    ],
    "feature_design": "orientation-invariant magnitude-first v2",
    "train_subjects": [
      1,
      3,
      4,
      5,
      7,
      9,
      10,
      11,
      12,
      13,
      14,
      15,
      16,
      17,
      20,
      21,
      23,
      24,
      26,
      31,
      32,
      35,
      36,
      37,
      38,
      39,
      40,
      42,
      44,
      46,
      47,
      48,
      49,
      50,
      53,
      54,
      55,
      56,
      57,
      60,
      61,
      62,
      63,
      64,
      66
    ],
    "test_subjects": [
      2,
      6,
      8,
      18,
      19,
      22,
      25,
      27,
      28,
      29,
      30,
      33,
      34,
      41,
      43,
      45,
      51,
      52,
      58,
      59,
      65,
      67
    ]
  },
  "adl_results": {
    "accuracy": 0.9591416856227996,
    "f1_weighted": 0.9593891050439569,
    "f1_macro": 0.9107564685409739,
    "roc_auc": null,
    "cv_mean": 0.9939718754581616,
    "cv_std": 0.0006535827903891215
  },
  "fall_results": {
    "accuracy": 0.9931095105767594,
    "f1_weighted": 0.9932213875027637,
    "f1_macro": 0.9206025051292068,
    "roc_auc": 0.9971537670685755,
    "cv_mean": 0.9975638301953212,
    "cv_std": 0.0004566794405552659
  }
}